{"cameraMode":{"drawMode":0,"name":"Shaded","section":"Shading Mode"},"sceneLighting":false,"audioPlay":false,"sceneViewState":{"m_AlwaysRefresh":false,"showFog":true,"showSkybox":false,"showFlares":true,"showImageEffects":true,"showParticleSystems":true,"showVisualEffectGraphs":true,"m_FxEnabled":true},"in2DMode":false,"pivot":{"x":-0.01075214147567749,"y":1.0221710205078126,"z":0.8091890811920166},"rotation":{"x":-0.14009258151054383,"y":-0.4842214584350586,"z":0.07874679565429688,"w":-0.8601291179656982},"size":1.8556369543075562,"orthographic":false}